id,text,geo,cood
1500371889964859393,"RT @LD_Sceptics: This week's data from the UKHSA show infection risk still much higher in the vaccinated, and while deaths have been declinâ€¦",,
1500371888304005120,RT @SONNEInt: PÃ¼nktlich zum Afrika-Aufenthalt hat der Gatte Covid eingefangen. PÃ¼nktlich zur Russland-Buchung sind die Russen in die Ukrainâ€¦,,
1500371888245075973,"RT @GMMTV: â€œGMMTVâ€ à¸‚à¸­à¹à¸ˆà¹‰à¸‡à¹ƒà¸«à¹‰à¸—à¸£à¸²à¸šà¸§à¹ˆà¸² â€œà¸¥à¸¹à¸à¸ˆà¸±à¸™-à¸ à¸²à¸ªà¸´à¸”à¸µ à¹€à¸à¸Šà¸£à¸ªà¸¸à¸˜à¸µâ€ à¸™à¸±à¸à¹à¸ªà¸”à¸‡à¹ƒà¸™à¸ªà¸±à¸‡à¸à¸±à¸” GMMTV à¸à¸šà¹€à¸Šà¸·à¹‰à¸­ COVID-19
â€œLookjunâ€ Bhasidi Petchsutee tests posiâ€¦",,
1500371887612108804,Mask Elhun Fadha Covid Aai Dhekolhu  Huriha Fiyavalheh Saudi In Uvalaifi https://t.co/jO4IsBp7Ni,,
1500371887515312134,RT @wavedeva: #BA2variant #ba2 #COVID19 #COVID_19 #publichealth #HongKong #variant #infectiousdiseases #virus,,
1500371887444037633,"RT @Anitharaamz: How many kids have died of covid 19, before 2nd Jan, before vaccination started for 15 to 18 age group ? The answer is zerâ€¦",,
1500371886613856256,"RT @YouAreLobbyLud: In English: Long Covid keeps stimulating the immune system, resulting in depletion of some groups of T cells. This canâ€¦",,
1500371884042559490,"RT @szlachtycz: Naukowcy znaleÅºli sekwencjÄ™ DNA w SARS-CoV-2, ktÃ³ra zostaÅ‚a opatentowana przez ModernÄ™ trzy lata przed Covid-19!
https://t.â€¦",,
1500371883656630272,"RT @achjoanno: PÅ™ijde mi nereÃ¡lnÃ½, Å¾e v roce 2019 nic jako covid nebo vÃ¡lka neexistovalo",,
1500371883199324161,RT @ccdoublezee: à¸„à¸§à¸£à¹€à¸¥à¸´à¸ present à¸ªà¸²à¸¢à¸à¸±à¸™à¸˜à¸¸à¹Œ omicron à¸§à¹ˆà¸²à¸­à¸²à¸à¸²à¸£à¹„à¸¡à¹ˆà¸«à¸™à¸±à¸à¹„à¸”à¹‰à¹à¸¥à¹‰à¸§ à¸„à¸§à¸£à¹€à¸™à¹‰à¸™à¸¢à¹‰à¸³à¹ƒà¸«à¹‰à¸„à¸™à¸¢à¸±à¸‡à¸„à¸‡à¹ƒà¸Šà¹‰à¸Šà¸µà¸§à¸´à¸•à¸”à¹‰à¸§à¸¢à¸„à¸§à¸²à¸¡à¸£à¸°à¸¡à¸±à¸”à¸£à¸°à¸§à¸±à¸‡ à¹€à¸à¸£à¸²à¸°à¸­à¸²à¸ˆà¹à¸à¸£à¹ˆà¹€à¸Šà¸·à¹‰à¸­â€¦,,
1500371882956451846,"RT @DannyCh83145536: é’è’¿ç´ å¯ä»¥æ²»ç–—covid 19 ç–«è‹—çš„å‰¯ä½œç”¨ã€‚
Artemisinin can cured you from covid 19 Vaccines side effects. https://t.co/UeBwaEWBgo",,
1500371881488261122,"RT @mattbc: â€œBecause of the progress weâ€™ve made fighting COVID, Americans can not only get back to work, but they can go to the office andâ€¦",,
1500371881299525634,"*ğŸ‡µğŸ‡¸Palestinian MOH* 
6-3-2022 / 9:00 AM 
*ğŸš¨COVID-19 daily updates in Gaza Strip.*

ğŸ’«PCR tests in the last 24 hours:790
ğŸ’«New cases in the last 24 hours:197
ğŸ’« Cumulative confirmed cases: 247345
ğŸ’« Seriously ill cases:62
ğŸ’«Cases that need medical care:92",,
1500371878568816640,"RT @GMMTV: â€œGMMTVâ€ à¸‚à¸­à¹à¸ˆà¹‰à¸‡à¹ƒà¸«à¹‰à¸—à¸£à¸²à¸šà¸§à¹ˆà¸² â€œà¸¥à¸¹à¸à¸ˆà¸±à¸™-à¸ à¸²à¸ªà¸´à¸”à¸µ à¹€à¸à¸Šà¸£à¸ªà¸¸à¸˜à¸µâ€ à¸™à¸±à¸à¹à¸ªà¸”à¸‡à¹ƒà¸™à¸ªà¸±à¸‡à¸à¸±à¸” GMMTV à¸à¸šà¹€à¸Šà¸·à¹‰à¸­ COVID-19
â€œLookjunâ€ Bhasidi Petchsutee tests posiâ€¦",,
1500371878069764096,RT @johnpavlovitz: More people have died from COVID over the last two days than in the 9/11 attacksâ€”but I'm glad so many of you are over thâ€¦,,
1500371877352534017,i just got tested positive for covid this morning pls pray for me everyone ğŸ¤,,
1500371877285535749,Morning everyone. Still have COVID. Here's to another day hoping #Putin eats a bullet. #SlavaUkraini,,
1500371875955945477,"RT @TheBabylonBee: Putin Receives Nobel Prize In Medicine For Ending COVID Pandemic
https://t.co/yPvToyXMnz",,
1500371875645505536,"RT @the_stinging: Laten we hopen dat er zoiets bestaat als 'voortschrijdend inzicht'. 

â€œThe Government will need to review whether Sage isâ€¦",,
1500371874835877890,RT @ccdoublezee: à¸„à¸§à¸£à¹€à¸¥à¸´à¸ present à¸ªà¸²à¸¢à¸à¸±à¸™à¸˜à¸¸à¹Œ omicron à¸§à¹ˆà¸²à¸­à¸²à¸à¸²à¸£à¹„à¸¡à¹ˆà¸«à¸™à¸±à¸à¹„à¸”à¹‰à¹à¸¥à¹‰à¸§ à¸„à¸§à¸£à¹€à¸™à¹‰à¸™à¸¢à¹‰à¸³à¹ƒà¸«à¹‰à¸„à¸™à¸¢à¸±à¸‡à¸„à¸‡à¹ƒà¸Šà¹‰à¸Šà¸µà¸§à¸´à¸•à¸”à¹‰à¸§à¸¢à¸„à¸§à¸²à¸¡à¸£à¸°à¸¡à¸±à¸”à¸£à¸°à¸§à¸±à¸‡ à¹€à¸à¸£à¸²à¸°à¸­à¸²à¸ˆà¹à¸à¸£à¹ˆà¹€à¸Šà¸·à¹‰à¸­â€¦,,
1500371873300811779,RT @Break111710: First Covid kept us in the house for 2 years NOW these gas prices gone keep us in the house lol,,
1500371871501586433,"RT @TheEliKlein: I predict NYC Mayor Adams reverses course and unmasks toddlers. Requiring masks on 2-4 year olds indefinitely, but nobodyâ€¦",,
1500371869723148291,"RT @DianeCohn68: El reporte de Pfizer con *informaciÃ³n cientÃ­fica* informa que:

De 42,000 personas inoculadas,1230 estÃ¡n muertas (a cortoâ€¦",,
1500371869102645248,"RT @MOHW_Taiwan: #è¡›ç¦ç·¨ç·¨å ±å ± â²ç™¼æ–‡æ™‚é–“ï¼š2022.3.6
â—æ–°å¢43ä¾‹COVID-19ç¢ºå®šç—…ä¾‹ï¼Œåˆ†åˆ¥ç‚º3ä¾‹æœ¬åœŸåŠ40ä¾‹å¢ƒå¤–ç§»å…¥â—

å®Œæ•´æ–°èï¼šhttps://t.co/TRynpscKMl https://t.co/AoTnB9DyXn",,
1500371867596734465,"RT @SimoneSays123: Vanaf 1 juli 2022 mag je alleen nog â€˜vrijâ€™ reizen wanneer je een certificaat van goed gedrag hebt. 

Tijdelijk was het tâ€¦",,
1500371867118493697,RT @IvoryHecker: â€œNewsmax executives agreed to take the money from Bidenâ€™s Health and Human Services (HHS) to push only positive coverage oâ€¦,,
1500371866707709957,RT @JKJAVMY: Pemberian vaksinasi Sinovac untuk kanak-kanak ini akan bermula pada 7hb Mac 2022. Anda boleh rujuk senarai PPV yang terpilih dâ€¦,,
1500371864081911809,RT @aginnt: The march against COVID law in Paris today. No dissent allowed. https://t.co/8oMqfpP58b,,
1500371863855407104,"As the death rates from COVID-19 rise, researchers are beginning to identify a â€œsilent epidemicâ€ of grief.

One of the largest national studies on bereavement is shedding light on the silent epidemic so that we can improve our bereavement support.  

â–¶ï¸ https://t.co/TP0ASXAVx6 https://t.co/zcpbME8NXI",,
1500371863129796609,"THREAD : Je vous tiens au courant, malheureusement je suis dans lâ€™incapacitÃ© de continuer le @Battle4Event #battle4. Je ne cesse de vomir, et câ€™Ã©tait un Ã©vÃ©nement qui me tenait Ã©normÃ©ment Ã  cÅ“ur, mais actuellement je suis dans un Ã©tat dÃ©plorable avec le covid.",,
1500371862827773960,RT @Votto007: Covid is over. Russian patriots are in control. China is ascendant. Trust the process.,,
1500371861527756801,"RT @davidfarrier: just like we saw in america, the new zealand â€œcovid is fakeâ€ crowd are saying â€œcovid is fakeâ€ whilst also saying â€œsorry,â€¦",,
1500371861372289026,"RT @GiorgosKyrtsos: ÎœÎ·Ï„ÏƒÎ¿Ï„Î±ÎºÎ¹ÎºÎ® Â«Î±ÏÎ¹ÏƒÏ„ÎµÎ¯Î±Â».
Î•Î¾Î±ÎºÎ¿Î»Î¿Ï…Î¸Î¿ÏÎ¼Îµ Î½Î± Ï‡Î¬Î½Î¿Ï…Î¼Îµ 50-60 Ï„Î·Î½ Î·Î¼Î­ÏÎ± Î±Ï€ÏŒ COVID-19 ÎºÎ±Î¹ Î½Î± Î­Ï‡Î¿Ï…Î¼Îµ Ï„Î· Ï‡ÎµÎ¹ÏÏŒÏ„ÎµÏÎ· ÎµÏ€Î¯Î´Î¿ÏƒÎ· ÏƒÎµ Î&amp;Î”â€¦",,
1500371861275922433,"RT @GMMTV: â€œGMMTVâ€ à¸‚à¸­à¹à¸ˆà¹‰à¸‡à¹ƒà¸«à¹‰à¸—à¸£à¸²à¸šà¸§à¹ˆà¸² â€œà¸¥à¸¹à¸à¸ˆà¸±à¸™-à¸ à¸²à¸ªà¸´à¸”à¸µ à¹€à¸à¸Šà¸£à¸ªà¸¸à¸˜à¸µâ€ à¸™à¸±à¸à¹à¸ªà¸”à¸‡à¹ƒà¸™à¸ªà¸±à¸‡à¸à¸±à¸” GMMTV à¸à¸šà¹€à¸Šà¸·à¹‰à¸­ COVID-19
â€œLookjunâ€ Bhasidi Petchsutee tests posiâ€¦",,
1500371860886024194,"RT @jon_trickett: 97% of the  covid vaccine research was paid for by taxpayers 

100% was bought by the govt on behalf of taxpayers 

Yet,â€¦",,
1500371859669327872,They really decided to just be done w Covid and throw the storyline in the trash.,,
1500371856645398528,"RT @jon_trickett: 97% of the  covid vaccine research was paid for by taxpayers 

100% was bought by the govt on behalf of taxpayers 

Yet,â€¦",,
1500371856523776003,"RT @CraigKellyMP: The truth is FINALLY being revealed

The ğŸ¤¡ğŸ¤¡ are FINALLY being exposed

â€œIn a 55,000-page set of documents just released,â€¦",,
1500371856406237192,"Il 6 marzo 2020 il primo caso Covid a #Rieti. Su @ilmessaggeroit ğŸ— di oggi ripercorriamo due anni di pandemia: tra dolore, speranza e voglia di ripartire. https://t.co/VK6MVzjaQQ",,
1500371856007827456,"RT @AlexandreJardin: Le plus Ã©trange nâ€™est pas lui mais nous. Nous sommes devenus un peuple bien Ã©trangeâ€¦ hypnotisÃ© par le vide, disposÃ© Ã â€¦",,
1500371855340826624,RT @ccdoublezee: à¸„à¸§à¸£à¹€à¸¥à¸´à¸ present à¸ªà¸²à¸¢à¸à¸±à¸™à¸˜à¸¸à¹Œ omicron à¸§à¹ˆà¸²à¸­à¸²à¸à¸²à¸£à¹„à¸¡à¹ˆà¸«à¸™à¸±à¸à¹„à¸”à¹‰à¹à¸¥à¹‰à¸§ à¸„à¸§à¸£à¹€à¸™à¹‰à¸™à¸¢à¹‰à¸³à¹ƒà¸«à¹‰à¸„à¸™à¸¢à¸±à¸‡à¸„à¸‡à¹ƒà¸Šà¹‰à¸Šà¸µà¸§à¸´à¸•à¸”à¹‰à¸§à¸¢à¸„à¸§à¸²à¸¡à¸£à¸°à¸¡à¸±à¸”à¸£à¸°à¸§à¸±à¸‡ à¹€à¸à¸£à¸²à¸°à¸­à¸²à¸ˆà¹à¸à¸£à¹ˆà¹€à¸Šà¸·à¹‰à¸­â€¦,,
1500371854791372802,RT @ccdoublezee: à¸„à¸§à¸£à¹€à¸¥à¸´à¸ present à¸ªà¸²à¸¢à¸à¸±à¸™à¸˜à¸¸à¹Œ omicron à¸§à¹ˆà¸²à¸­à¸²à¸à¸²à¸£à¹„à¸¡à¹ˆà¸«à¸™à¸±à¸à¹„à¸”à¹‰à¹à¸¥à¹‰à¸§ à¸„à¸§à¸£à¹€à¸™à¹‰à¸™à¸¢à¹‰à¸³à¹ƒà¸«à¹‰à¸„à¸™à¸¢à¸±à¸‡à¸„à¸‡à¹ƒà¸Šà¹‰à¸Šà¸µà¸§à¸´à¸•à¸”à¹‰à¸§à¸¢à¸„à¸§à¸²à¸¡à¸£à¸°à¸¡à¸±à¸”à¸£à¸°à¸§à¸±à¸‡ à¹€à¸à¸£à¸²à¸°à¸­à¸²à¸ˆà¹à¸à¸£à¹ˆà¹€à¸Šà¸·à¹‰à¸­â€¦,,
1500371853109768200,"RT @noplaceforsheep: What if he didnâ€™t really have COVID, just needed time to sort NSW Libs &amp; avoid flood fallout?",,
1500371850269970434,RT @ColinG_1: @penheiro53 @COVIDnewsfast @BBCBreakfast @BBCNews @SkyNews @itvnews A lot of the pressure for the government/media to stop puâ€¦,,
1500371849921892354,"RT @doctor_oxford: Details of that terrible time below.

I find it staggering - sickening - that as the country careered into that hellishâ€¦",,
1500371847422087170,"RT @COTRSMO: DespuÃ©s de que la vacuna contra la COVID de Pfizer causara 1223 muertes y 42000 efectos adversos en los 3 primeros meses 

Â¿ Pâ€¦",,
1500371847392763904,"RT @dakara_prisoner: The crisis is not covid.  The crisis is not war.
The real crisis is a population that falls for every crisis.  The proâ€¦",,
1500371847321473027,RT @EricMMatheny: Something up. COVID just up and vanishes. Fauci no longer a mainstay on CNN. Trudeau jailing peaceful protesters and seizâ€¦,,
1500371844570005504,"RT @melissakchan: It is late Saturday night at Berlin central train station and there are still tons of volunteers, food, water, tea, clothâ€¦",,
1500371844473311232,"RT @kuu331108: ã€æˆ¦äº‰ã®è£ã§ãƒ•ã‚¡ã‚¤ã‚¶ãƒ¼ç¤¾ã®é‡è¦è³‡æ–™ãŒå…¬é–‹ã•ã‚Œã¾ã—ãŸï¼ ã€‘

55000ãƒšãƒ¼ã‚¸ã®è³‡æ–™ã®ã†ã¡ã®38ãƒšãƒ¼ã‚¸ã¯ã€ŒADVERSE EVENTS OF SPECIAL INTERESTã€ã¨é¡Œã—ãŸä»˜å±æ›¸ã§ã‚ã‚Šã€ãã“ã«ã¯Covidâ€19ãƒ¯ã‚¯ãƒãƒ³æ¥ç¨®å¾Œã«ç™ºç”Ÿã—ã¦ã„ã‚‹â€¦",,
1500371842992947202,"RT @MR_officiel: ğŸ— NuclÃ©aire, Ukraine, Covidâ€¦ @GLBouchez fait le point.

ğŸ™ Le PrÃ©sident Ã©tait le premier invitÃ© du nouveau studio digital dâ€¦",,
1500371842430763008,"RT @TFU_Kannan: Box-office is back on track after #Covid 3rd wave with a biggie doing well in every industry! ğŸ™

Kollywood - #Valimai
Tollyâ€¦",,
1500371842057572354,"RT @AlexandreJardin: Le plus Ã©trange nâ€™est pas lui mais nous. Nous sommes devenus un peuple bien Ã©trangeâ€¦ hypnotisÃ© par le vide, disposÃ© Ã â€¦",,
1500371839897456640,"Covid is over, move on. Cya there",,
1500371839801036801,Vedo storie IG di gente in discoteca li come se il covid fosse sparito,,
1500371839604125700,"RT @RosaZambonini: My dad was taken to hospital yesterday they think a heart attack. Heâ€™s a robust man and is in good humour, however we caâ€¦",,
1500371839041814529,"RT @GDLBu: Muertes por violencia, muertes por Covid, muertes por falta de medicamentos, muertos por descomposiciÃ³n social. De verdad, me duâ€¦",,
1500371837863317505,"RT @TheBabylonBee: Putin Receives Nobel Prize In Medicine For Ending COVID Pandemic
https://t.co/yPvToyXMnz",,
1500371837066543104,wow. $583.75 ğŸ˜³for the flight back. plus potentially $200-$260 for a pre flight covid testğŸ˜¡ğŸ˜¡ğŸ˜¡get booking lads!! https://t.co/BzsRhHeL4w,,
1500371836617457666,RT @lovemesore: thank god i donâ€™t have covid ğŸ˜‡ğŸ˜‡ https://t.co/96DvwNVK0P,,
1500371832762998784,RT @george_jazzcat: I cannot describe how despondent I feel when I see Covid disappear from the news: Not one apology. Not one regret. No câ€¦,,
1500371832742060033,"RT @danvandertuin: Van de covid ziekenhuisopnames in Vlaanderen (18-plus) was de afgelopen twee weken 82% geboost, 11% volledig gevaccineerâ€¦",,
1500371832645599233,"RT @GHS: In Chennai, ğŸ‡®ğŸ‡³, transgender and disabled communities are leading the fight against #COVID19. 

They have led awareness campaigns fâ€¦",,
1500371832628596736,"RT @KenAbante: ğŸš¨ NAIA Terminal 3 Departure Area is at HIGH RISK for COVID-19 transmission. ğŸš¨

If you're here:
âŒ DO NOT remove your mask
âŒ Dâ€¦",,
1500371830401650690,"RT @CapitanBitcoin: Argumentario del Bot pro-Putin.

-Argumento 1: Â«Ni los buenos son tan buenos ni los malos son tan malosÂ».
-2: Â«Putin esâ€¦",,
1500371828275044353,"More people finally coming forward of ppl dying from medical malpractice ğŸ’” More and more about covid vaccine and side effects, longterm problems and staged deaths. It's absolutely heartbreaking need justice for all. Some ppl still aren't awake with what  healthcare is doing ğŸ˜”ğŸ’”",,
1500371828216418311,"House-sitting for my folks, can't think of a single way their lives would be lived differently if they got sick and it turned out it was covid again rather than flu or whatever lol https://t.co/F5lt1thrsO",,
1500371827654340608,1291 efectos secundarios encontrados en la vacuna de Pfizer https://t.co/eXedWxVWwq,,
1500371827167842305,RT @SethAbramson: CONCLUSION/ Do everything you canâ€”within reasonâ€”not to get infected by COVID-19. Thereâ€™s so much we still donâ€™t know abouâ€¦,,
1500371827075518467,"RT @CraigKellyMP: The truth is FINALLY being revealed

The ğŸ¤¡ğŸ¤¡ are FINALLY being exposed

â€œIn a 55,000-page set of documents just released,â€¦",,
1500371825255088132,FDA Releases Thousands of Pages of Docs Related to the Covid Vaccines https://t.co/R3U3fsUgKp,,
1500371824936427525,"RT @gm_stone: It looks like NHS Covid lab scientists and staff are being terminated from March 31st, without any redundancy payment entitleâ€¦",,
1500371824412090371,"RT @Nitram66142237: Aber gegen Long COVID hilft es jetzt wirklich....
Die Kommissionen gehÃ¶ren sofort aufgelÃ¶st. https://t.co/RMuzjJi3YT",,
1500371824281935875,"RT @Tobi_Is_Fab: My child, THE ONE WHO GAVE ME COVID, just asked if I could cough more quietly",,
1500371823547936768,"I'm constantly amazed at how many people still think everyone who gets Covid dies from it. If Canada had honest politicians, they'd admit that most of the people who died with Covid, didn't die from Covid.",,
1500371820725387264,RT @verity_france: Moderna et le brevet Covid https://t.co/oZblYadVd2,,
1500371819282456576,RT @ingcaustico: La guerra in Ucraina Ã¨ colpa della Russia come il covid era colpa dei pipistrelli,,
1500371818900856834,"RT @doctor_oxford: Details of that terrible time below.

I find it staggering - sickening - that as the country careered into that hellishâ€¦",,
1500371817655324676,"As I grow older.. many people I used to know now passed away, covid hasten the process. If not death, it's loneliness and mental illnesses plaguing my friends and family. Maybe it's me being hyperaware but adult life is depressing, lonely and acutely painful.",,
1500371814027079680,"RT @dlang57500: AVC, infarctus, inflammations... Des risques cardiaques possibles aprÃ¨s avoir contractÃ© le Covid-19 mÃªme pour les patientsâ€¦",,
1500371812613599236,"RT @greg_travis: No, COVID in kids is not ""flu-like""

These are the officially reported pediatric deaths from flu vs. COVID

There were fouâ€¦",,
1500371810625503232,RT @lesnievsky: Il y a probablement dans le document qui suit de quoi faire condamner toute l'Ã©quipe qui a conduit la politique sanitaire câ€¦,,
1500371807798321155,"RT @globaltimesnews: Gao Fu, director of Chinaâ€™s CDC, believes that it is still too early to say that the winter of 2021 will be the last wâ€¦",,
1500371806145982466,"RT @melissakchan: It is late Saturday night at Berlin central train station and there are still tons of volunteers, food, water, tea, clothâ€¦",,
1500371805722136578,WATCH: Man reunites with son after his 100-day battle with COVID-19 https://t.co/8zRSU285zN,,
1500371805499965440,"RT @Esprit10Libre: Le contenu du vaccin covid de Pfizer pÃ©nÃ¨tre dans le foie, altÃ¨re les chromosomes humains et rÃ©Ã©crit lâ€™ADN https://t.co/â€¦",,
1500371804312858635,RT @Jevevoudire2: Nous savons tous que #macron nâ€™a pas dÃ©calÃ© sa fonction de conseil de #UE pour mieux faire oublier son quinquennat dÃ©sastâ€¦,,
1500371804267098115,"RT @kuu331108: ã€æˆ¦äº‰ã®è£ã§ãƒ•ã‚¡ã‚¤ã‚¶ãƒ¼ç¤¾ã®é‡è¦è³‡æ–™ãŒå…¬é–‹ã•ã‚Œã¾ã—ãŸï¼ ã€‘

55000ãƒšãƒ¼ã‚¸ã®è³‡æ–™ã®ã†ã¡ã®38ãƒšãƒ¼ã‚¸ã¯ã€ŒADVERSE EVENTS OF SPECIAL INTERESTã€ã¨é¡Œã—ãŸä»˜å±æ›¸ã§ã‚ã‚Šã€ãã“ã«ã¯Covidâ€19ãƒ¯ã‚¯ãƒãƒ³æ¥ç¨®å¾Œã«ç™ºç”Ÿã—ã¦ã„ã‚‹â€¦",,
1500371803155443712,RT @Dakota045143812: Covid is literally straight up gone now. Love how a narrative that ruined millions of lives for two years just got droâ€¦,,
1500371802526154755,"RT @TweetsByBritt: Hate Putin all you want, but at least the dude ended COVID in like 24 hours.",,
1500371802492903426,RT @khanthefatima: Remember the 'Covid Jihad' propaganda run by mainstream media? Muslims in UP suffered hugely as a result. From pregnantâ€¦,,
1500371800449904643,"RT @arstechnica: The CDC now estimates that 43 percent of Americans have had COVID, according to the latest data.
https://t.co/zPgotrj0yi",,
1500371799108091904,"RT @soompi: Oh My Girl's #YooA Diagnosed With COVID-19
https://t.co/nUQcEpnOYp https://t.co/HnfcKBnUPv",,
1500371797748981767,RT @DrEricDing: U.S. intelligence weighs Putinâ€™s 2 years of extreme pandemic isolation as a factor in his wartime mind-set. Some debate wheâ€¦,,
1500371797732171778,"RT @EthicalSkeptic: Folks, we genuinely have a problem here. Younger people are dying at sustained rates, and these are not 'Covid' deaths.â€¦",,
1500371797652348936,"What else is hidden in the lab at Fort Detrick? If the origin of the COVID-19 is there, experts should look for the original strain that might help us to end the outbreak as soon as possible.#COVID-19
#COVID https://t.co/NGNuFooXZy",,
1500371796842799111,"RT @MichaelPSenger: Massive protest against vaccine mandates and COVID tyranny today in Calgary, Canada.
https://t.co/f534C5fIkH",,
1500371796767371270,Mainland students are heading home to escape Covid-hit Hong Kong https://t.co/24ry1Vc4Dk via @scmpnews,,
1500371795475861504,"RT @bhatia_niraj23: MVA Govt Did Not Make People Bang Empty Thalis In Covid, They Provided Free Homely Cooked Food Under Shiv Bhojan Yojanaâ€¦",,
1500371794871476227,"RT @ROGoUfwiIZyqwW1: ã€ãƒ•ã‚¡ã‚¤ã‚¶ãƒ¼ç¤¾ã®COVIDãƒ¯ã‚¯ãƒãƒ³ã«ã¯1,291ç¨®é¡ã®å‰¯ä½œç”¨ãŒã‚ã‚‹ã“ã¨ãŒå…¬é–‹ã•ã‚ŒãŸæ–‡æ›¸ã§æ˜ã‚‰ã‹ã«ãªã£ãŸã€

GREATRGAMEINDIA
ï¼ˆ2022å¹´3æœˆ5æ—¥ï¼‰

ãƒ•ã‚¡ã‚¤ã‚¶ãƒ¼ãŒFDAã®èªå¯ã‚’ç”³è«‹ã—ãŸã¨ãã€å½¼ã‚‰ã¯ç´„15ä¸‡8000ä»¶ã®æœ‰å®³â€¦",,
id,text,geo,cood
1500372492820516867,RT @atch111: à¸–à¹‰à¸²à¸¢à¸´à¹ˆà¸‡à¸ˆà¸™ à¸•à¹‰à¸­à¸‡à¸­à¸¢à¹ˆà¸²à¹€à¸›à¹‡à¸™ long covid à¹€à¸à¸£à¸²à¸°à¸ˆà¸°à¸—à¸³à¸‡à¸²à¸™à¹„à¸¡à¹ˆà¹„à¸”à¹‰ à¹€à¸£à¸µà¸¢à¸™à¸«à¸™à¸±à¸‡à¸ªà¸·à¸­à¹„à¸¡à¹ˆà¹„à¸”à¹‰ à¹à¸¥à¹‰à¸§à¸•à¹‰à¸­à¸‡à¹€à¸‚à¹‰à¸²à¹† à¸­à¸­à¸à¹† à¹‚à¸£à¸‡à¸à¸¢à¸²à¸šà¸²à¸¥à¹„à¸›à¸­à¸µà¸à¹€à¸£à¸·à¹ˆà¸­à¸¢à¹†  à¸ˆà¸°à¸«à¸¡à¸”à¸•à¸±à¸§à¸à¹ˆà¸­à¸™,,
1500372492820434947,RT @aginnt: Toronto marches today against COVID law and Trudeau. https://t.co/3gIJIi5Z0y,,
1500372490995965954,"RT @fromisdays: fromis_9â€™s Saerom and Gyuri tested positive for COVID-19 

https://t.co/7hvhHJzJXu https://t.co/sfzuwIqXKI",,
1500372489549008897,"RT @CLeiserfluss: Die Milestones der #Bundesregierung:
Â» Keine roten Linien
Â» Gaskosten +200%
Â» Diesel bei 2 EUR
Â» Verfassungswiedrige #Impâ€¦",,
1500372489502871555,"RT @toadmeister: This week's data from the UKHSA show infection risk still much higher in the vaccinated, and while deaths have been declinâ€¦",,
1500372488672395264,"RT @AlexandreJardin: Le plus Ã©trange nâ€™est pas lui mais nous. Nous sommes devenus un peuple bien Ã©trangeâ€¦ hypnotisÃ© par le vide, disposÃ© Ã â€¦",,
1500372487246389252,RT @verity_france: Moderna et le brevet Covid https://t.co/oZblYadVd2,,
